{"number": 0, "value": 6.551110447820028, "params": {"n_layers": 9, "n_units_0": 2981, "n_units_1": 1996, "n_units_2": 582, "n_units_3": 3120, "n_units_4": 830, "n_units_5": 3031, "n_units_6": 2676, "n_units_7": 955, "n_units_8": 1819, "hidden_activation": "Swish", "output_activation": "Linear", "loss": "Huber", "optimizer": "RMSprop", "lr": 0.0003510022840013933, "batch_size": 128, "n_epochs": 131, "scheduler": "StepLR", "dropout_rate": 0.47955803153848464, "step_size": 6, "gamma": 0.47191698614509303}}
{"number": 1, "value": 6.669480095163981, "params": {"n_layers": 10, "n_units_0": 552, "n_units_1": 2990, "n_units_2": 2614, "n_units_3": 904, "n_units_4": 2768, "n_units_5": 3749, "n_units_6": 3329, "n_units_7": 3744, "n_units_8": 1632, "n_units_9": 2508, "hidden_activation": "GELU", "output_activation": "Linear", "loss": "MSE", "optimizer": "Adam", "lr": 0.00138983003560863, "batch_size": 64, "n_epochs": 93, "scheduler": "CosineAnnealingLR", "dropout_rate": 0.2941713244595719, "weight_decay": 0.0065826422497114664, "beta1": 0.9797605468444373, "beta2": 0.9996350755478293, "t_max_fraction": 0.24754400976266602, "eta_min": 0.0016833957906090228}}
{"number": 2, "value": null, "params": {"n_layers": 8, "n_units_0": 36, "n_units_1": 1120, "n_units_2": 1315, "n_units_3": 744, "n_units_4": 211, "n_units_5": 3963, "n_units_6": 1626, "n_units_7": 1093, "hidden_activation": "PReLU", "output_activation": "Linear", "loss": "MSE", "optimizer": "SGD", "lr": 0.022471010301640566, "batch_size": 512, "n_epochs": 104, "scheduler": "ReduceLROnPlateau", "prelu_init": 0.17721747811918034, "dropout_rate": 0.09764735423686177, "weight_decay": 0.005913080115397406, "momentum": 0.19284682361937758, "factor": 0.4740435053037847, "patience": 7, "threshold": 0.003986816865125796}}
{"number": 3, "value": null, "params": {"n_layers": 7, "n_units_0": 424, "n_units_1": 2503, "n_units_2": 1013, "n_units_3": 616, "n_units_4": 1645, "n_units_5": 2357, "n_units_6": 2777, "hidden_activation": "Swish", "output_activation": "Linear", "loss": "MSE", "optimizer": "SGD", "lr": 2.106182821939402e-05, "batch_size": 512, "n_epochs": 121, "scheduler": "CosineAnnealingLR", "dropout_rate": 0.21087956462230373, "weight_decay": 0.0009231904401223487, "momentum": 0.9747494470393581, "t_max_fraction": 0.17321833766019443, "eta_min": 4.23579044835883e-06}}
