train_loss,test_loss,train_l1_norm,test_l1_norm,train_linf_norm,test_linf_norm
4.069305728286505,3.6303749679148196,5.447714831706136,5.249557105019688,187.35346347391754,162.61448931200505
3.894709455499053,3.578667040002346,5.831672045574337,5.757434112027288,202.74500707743763,180.98451275691986
3.6664685387715696,3.4395698490560056,5.59226823579371,4.472389041751623,190.89387474241258,145.43422909777163
3.348341887938976,2.788989700615406,5.137619564037397,4.292684713119268,178.94541371905507,143.7122810299754
3.0929515327975152,2.5954794521868227,5.010025375042111,3.439412500837445,176.95521232568174,112.31664977533818
