{"number": 0, "value": 1.7654984365463258, "best value": 1.7654984365463258}
{"number": 2, "value": 2.306847104708354}
{"number": 3, "value": 3.703235101381938}
{"number": 4, "value": 9.302066521453858}
{"number": 5, "value": 7.106974868520101}
{"number": 6, "value": 64.14956756998698}
{"number": 7, "value": 5.726963517506917}
{"number": 9, "value": 30.954093551127116}
{"number": 11, "value": 4.497380861473084}
{"number": 12, "value": 5.323629347101847}
{"number": 13, "value": 1759.0880276367188}
{"number": 14, "value": 4.018154869143168}
{"number": 15, "value": 4.289183957544963}
{"number": 16, "value": 5.692274515660604}
{"number": 17, "value": 3.734127996826172}
{"number": 18, "value": 3.50188644917806}
{"number": 19, "value": 3.6476121989568075}
{"number": 20, "value": 4.066502715174357}
{"number": 21, "value": 3.5708133460362754}
{"number": 22, "value": 6.946391198221843}
{"number": 23, "value": 4.875346218236287}
{"number": 24, "value": 4.209657596969604}
{"number": 25, "value": 3.2656658082326255}
{"number": 26, "value": 2.1291511344273886}
{"number": 27, "value": 4.257352912012736}
{"number": 29, "value": 6.029010073916117}
{"number": 30, "value": 3.1672869696299233}
{"number": 31, "value": 2.2081085938135785}
{"number": 32, "value": 2.0049815667470297}
{"number": 33, "value": 2.923859307607015}
{"number": 34, "value": 2.7089011454264322}
{"number": 35, "value": 2.9546378224054974}
{"number": 36, "value": 3.891021480178833}
{"number": 37, "value": 2.645579061381022}
{"number": 39, "value": 2.8983944780985516}
{"number": 40, "value": 13.764486455535888}
{"number": 41, "value": 12.634975231933593}
{"number": 42, "value": 2.577411350886027}
{"number": 43, "value": 4.483232690302531}
{"number": 44, "value": 2.532349203745524}
{"number": 46, "value": 2.5721080125172935}
{"number": 47, "value": 4.315114477539063}
{"number": 48, "value": 4.149961023203532}
{"number": 49, "value": 25.78056127471924}
{"number": 50, "value": 37.66228836466471}
{"number": 51, "value": 3.082849340947469}
{"number": 52, "value": 1.7437048850377401, "best value": 1.7437048850377401}
{"number": 53, "value": 2.447471907488505}
{"number": 54, "value": 2.374099110476176}
{"number": 55, "value": 2.77059796555837}
{"number": 56, "value": 2.954585002454122}
{"number": 57, "value": 4.875993186569214}
{"number": 58, "value": 3.067778340021769}
{"number": 59, "value": 2.4997998423258463}
{"number": 60, "value": 3.1987955865859985}
{"number": 61, "value": 29.21891368815104}
{"number": 62, "value": 2.185045650990804}
{"number": 63, "value": 2.357503030840556}
{"number": 64, "value": 2.6760200892766317}
{"number": 65, "value": 3.4243504459381104}
{"number": 66, "value": 3.711062270037333}
{"number": 67, "value": 2.090211626180013}
{"number": 68, "value": 2.093173952039083}
{"number": 69, "value": 3.710416458129883}
{"number": 70, "value": 3.912326194000244}
{"number": 71, "value": 3.768975579961141}
{"number": 72, "value": 2.1669755359649656}
{"number": 73, "value": 1.8577415037790934}
{"number": 74, "value": 2.394682661310832}
{"number": 75, "value": 2.708611819966634}
{"number": 76, "value": 1.876164845275879}
{"number": 77, "value": 2.0178134808222454}
{"number": 79, "value": 2.402727468427022}
{"number": 80, "value": 1.7899161205927532}
{"number": 81, "value": 2.056862589454651}
{"number": 82, "value": 1.4193975344975789}
{"number": 83, "value": 1.2037216598510743, "best value": 1.2037216598510743}
{"number": 84, "value": 1.332038764635722}
{"number": 85, "value": 1.559860431543986}
{"number": 86, "value": 1.5879843620936076}
{"number": 87, "value": 2.353803513908386}
{"number": 88, "value": 1.771285041809082}
{"number": 89, "value": 1.730086224238078}
{"number": 90, "value": 1.4120000816345215}
{"number": 91, "value": 3.4573594254811604}
{"number": 92, "value": 2.0114461555480956}
{"number": 93, "value": 1.8768764724731446}
{"number": 94, "value": 1.9051965614318849}
{"number": 95, "value": 1.8407196995417276}
{"number": 96, "value": 2.3155387493769326}
{"number": 97, "value": 2.3981009489695233}
{"number": 98, "value": 2.77052160059611}
{"number": 99, "value": 1.6201490022659302}
{"number": 101, "value": 2.1242367152531942}
{"number": 102, "value": 1.9711923456192018}
{"number": 103, "value": 1.3239178970336913}
{"number": 104, "value": 2.0327246840159097}
{"number": 105, "value": 1.1203047547340392, "best value": 1.1203047547340392}
{"number": 106, "value": 1.230183289718628}
{"number": 107, "value": 1.4053089784940085}
{"number": 108, "value": 1.2894031007766724}
{"number": 109, "value": 1.395433147239685}
{"number": 110, "value": 1.5894702960332234}
{"number": 111, "value": 1.3654267890294394}
{"number": 112, "value": 1.3737622755686443}
{"number": 113, "value": 1.3658674116770426}
{"number": 114, "value": 1.3102478284835815}
{"number": 115, "value": 4.838059879430135}
{"number": 116, "value": 1.3358634213765461}
{"number": 117, "value": 1.548489416249593}
{"number": 118, "value": 1.519274940999349}
{"number": 119, "value": 1.4509293213526409}
{"number": 120, "value": 3.937159216626485}
{"number": 121, "value": 1.519067281182607}
{"number": 122, "value": 1.296118900680542}
{"number": 123, "value": 1.4285932511011759}
{"number": 124, "value": 1.3637526772816977}
{"number": 125, "value": 1.9370455125808717}
{"number": 126, "value": 2.3944916154225666}
{"number": 127, "value": 1.7346426122029623}
{"number": 128, "value": 1.5624768599828085}
{"number": 129, "value": 1.5059775451024373}
{"number": 130, "value": 1.5291594487508138}
{"number": 132, "value": 1.566953648630778}
{"number": 133, "value": 2.264258418973287}
{"number": 134, "value": 1.461936075782776}
{"number": 135, "value": 1.7859416748682657}
{"number": 136, "value": 4.940265569178264}
{"number": 137, "value": 1.4951720745722452}
{"number": 138, "value": 1.497666340637207}
{"number": 139, "value": 1.9796116491953533}
{"number": 140, "value": 1.5234607180277506}
{"number": 141, "value": 1.3185177551269531}
{"number": 142, "value": 1.3314677450815837}
{"number": 143, "value": 1.593353185304006}
{"number": 144, "value": 1.1928976043383281}
{"number": 145, "value": 1.3145575747172038}
{"number": 146, "value": 1.3013843634923299}
{"number": 147, "value": 3.2493106528600055}
{"number": 148, "value": 3.5507784548441568}
{"number": 149, "value": 1.4031555805842082}
{"number": 150, "value": 1.5158602813402813}
{"number": 151, "value": 1.4495011148452759}
{"number": 152, "value": 1.2410218400319417}
{"number": 153, "value": 1.4461352396647136}
{"number": 154, "value": 1.3271281653086344}
{"number": 155, "value": 1.443279541015625}
{"number": 156, "value": 1.5673560629526775}
{"number": 157, "value": 1.8568816042900085}
{"number": 159, "value": 1.363062547047933}
{"number": 160, "value": 1.52167676598231}
{"number": 161, "value": 1.6464823099454244}
{"number": 162, "value": 1.4333214178085327}
{"number": 163, "value": 1.3113062847773234}
{"number": 164, "value": 1.2845780761082968}
{"number": 165, "value": 1.2390949218114218}
{"number": 166, "value": 1.3461217337608338}
{"number": 167, "value": 3.570027857844035}
{"number": 168, "value": 1.3018490430514018}
{"number": 169, "value": 1.3260959475835163}
{"number": 170, "value": 1.6004238305091858}
{"number": 171, "value": 2.7978244247436526}
{"number": 172, "value": 1.6308872577031452}
{"number": 173, "value": 1.4347509510358174}
{"number": 174, "value": 1.572485724258423}
{"number": 175, "value": 1.4633345823287964}
{"number": 176, "value": 1.3501323987325033}
{"number": 177, "value": 1.3302232332229613}
{"number": 178, "value": 1.288793984413147}
{"number": 179, "value": 1.3053742373784383}
{"number": 180, "value": 1.8077459254582724}
{"number": 181, "value": 1.4070076988855997}
{"number": 182, "value": 1.209984091091156}
{"number": 183, "value": 1.3286675952593485}
{"number": 184, "value": 1.3145069518725077}
{"number": 185, "value": 1.3895959391911825}
{"number": 186, "value": 1.186061448510488}
{"number": 187, "value": 1.440292946879069}
{"number": 188,