{"number": 0, "value": null, "params": {"n_layers": 2, "n_units_0": 3181, "n_units_1": 477, "hidden_activation": "ReLU", "output_activation": "Linear", "loss": "MSE", "optimizer": "SGD", "lr": 0.0002478064487755455, "batch_size": 64, "n_epochs": 73, "scheduler": "CosineAnnealingLR", "dropout_rate": 0.12306669702614137, "weight_decay": 0.0007756871325546474, "momentum": 0.34065617660514014, "t_max_fraction": 0.283180867126656, "eta_min": 1.4422657982611125e-05}}
{"number": 1, "value": 0.8828915357589722, "params": {"n_layers": 4, "n_units_0": 3486, "n_units_1": 797, "n_units_2": 89, "n_units_3": 988, "hidden_activation": "LeakyReLU", "output_activation": "Linear", "loss": "Quantile", "optimizer": "SGD", "lr": 0.00038208597291750166, "batch_size": 2048, "n_epochs": 82, "scheduler": "StepLR", "leakyrelu_slope": 0.22945473426137153, "dropout_rate": 0.4745217504711957, "weight_decay": 0.0001296718769122029, "momentum": 0.6128085966064194, "step_size": 7, "gamma": 0.24838959519092746}}
