{"number": 0, "value": null, "params": {"n_layers": 2, "n_units_0": 3181, "n_units_1": 477, "hidden_activation": "ReLU", "output_activation": "Linear", "loss": "MSE", "optimizer": "SGD", "lr": 0.0002478064487755455, "batch_size": 64, "n_epochs": 73, "scheduler": "CosineAnnealingLR", "dropout_rate": 0.12306669702614137, "weight_decay": 0.0007756871325546474, "momentum": 0.34065617660514014, "t_max_fraction": 0.283180867126656, "eta_min": 1.4422657982611125e-05}}
{"number": 1, "value": 0.8828915357589722, "params": {"n_layers": 4, "n_units_0": 3486, "n_units_1": 797, "n_units_2": 89, "n_units_3": 988, "hidden_activation": "LeakyReLU", "output_activation": "Linear", "loss": "Quantile", "optimizer": "SGD", "lr": 0.00038208597291750166, "batch_size": 2048, "n_epochs": 82, "scheduler": "StepLR", "leakyrelu_slope": 0.22945473426137153, "dropout_rate": 0.4745217504711957, "weight_decay": 0.0001296718769122029, "momentum": 0.6128085966064194, "step_size": 7, "gamma": 0.24838959519092746}}
{"number": 0, "value": null, "params": {"n_layers": 9, "n_units_0": 2986, "n_units_1": 1331, "n_units_2": 3145, "n_units_3": 347, "n_units_4": 3512, "n_units_5": 510, "n_units_6": 2442, "n_units_7": 2374, "n_units_8": 1584, "hidden_activation": "GELU", "output_activation": "Linear", "loss": "MSE", "optimizer": "SGD", "lr": 0.018333026142985778, "batch_size": 64, "n_epochs": 89, "scheduler": "StepLR", "dropout_rate": 0.4645338289556056, "weight_decay": 6.993445954723228e-05, "momentum": 0.9687374219004921, "step_size": 11, "gamma": 0.22578413225927668}}
{"number": 1, "value": null, "params": {"n_layers": 5, "n_units_0": 716, "n_units_1": 2388, "n_units_2": 1183, "n_units_3": 2135, "n_units_4": 830, "hidden_activation": "SoftPlus", "output_activation": "Linear", "loss": "Huber", "optimizer": "SGD", "lr": 0.04931437252451978, "batch_size": 64, "n_epochs": 132, "scheduler": "ReduceLROnPlateau", "softplus_beta": 0.9975549214066503, "dropout_rate": 0.47366721049811406, "weight_decay": 0.00020251416774334845, "momentum": 0.46328963372736565, "factor": 0.3431449761643562, "patience": 10, "threshold": 0.0023513192432481327}}
{"number": 2, "value": 0.9493281245231628, "params": {"n_layers": 8, "n_units_0": 3739, "n_units_1": 3903, "n_units_2": 318, "n_units_3": 3333, "n_units_4": 2717, "n_units_5": 793, "n_units_6": 1786, "n_units_7": 2159, "hidden_activation": "Swish", "output_activation": "Linear", "loss": "MAE", "optimizer": "Adagrad", "lr": 1.1508095891433634e-05, "batch_size": 128, "n_epochs": 65, "scheduler": "CosineAnnealingLR", "dropout_rate": 0.15050163199552752, "t_max_fraction": 0.2990339265918991, "eta_min": 2.221185284344185e-05}}
{"number": 0, "value": 2.1862423419952393, "params": {"n_layers": 5, "n_units_0": 1477, "n_units_1": 1755, "n_units_2": 2148, "n_units_3": 2529, "n_units_4": 1301, "hidden_activation": "ReLU", "output_activation": "Linear", "loss": "Huber", "optimizer": "RMSprop", "lr": 0.005901779363556475, "batch_size": 2048, "n_epochs": 126, "scheduler": "CosineAnnealingLR", "dropout_rate": 0.33567876887090764, "t_max_fraction": 0.21067268213862886, "eta_min": 2.3533072795064823e-06}}
{"number": 0, "value": 0.839309811592102, "params": {"n_layers": 8, "n_units_0": 1169, "n_units_1": 3640, "n_units_2": 1808, "n_units_3": 1042, "n_units_4": 3799, "n_units_5": 3406, "n_units_6": 472, "n_units_7": 1289, "hidden_activation": "SoftPlus", "output_activation": "Linear", "loss": "Quantile", "optimizer": "RMSprop", "lr": 2.7202925603271358e-05, "batch_size": 2048, "n_epochs": 127, "scheduler": "ReduceLROnPlateau", "softplus_beta": 0.8754263118689461, "dropout_rate": 0.17000582277789122, "factor": 0.3309920737416331, "patience": 7, "threshold": 0.005101196867674636}}
{"number": 0, "value": 0.7651776671409607, "params": {"n_layers": 3, "n_units_0": 393, "n_units_1": 2970, "n_units_2": 1829, "hidden_activation": "GELU", "output_activation": "Linear", "loss": "Quantile", "optimizer": "SGD", "lr": 0.0005491593552322406, "batch_size": 2048, "n_epochs": 149, "scheduler": "StepLR", "dropout_rate": 0.06219430633984108, "weight_decay": 2.161316239293673e-05, "momentum": 0.8240057197590069, "step_size": 15, "gamma": 0.186201192769587}}
{"number": 1, "value": 97973.3671875, "params": {"n_layers": 7, "n_units_0": 3997, "n_units_1": 3441, "n_units_2": 3311, "n_units_3": 566, "n_units_4": 1497, "n_units_5": 1245, "n_units_6": 3722, "hidden_activation": "Swish", "output_activation": "Linear", "loss": "MAE", "optimizer": "RMSprop", "lr": 0.005843566773874083, "batch_size": 32, "n_epochs": 72, "scheduler": "CosineAnnealingLR", "dropout_rate": 0.04224166983683664, "t_max_fraction": 0.18665665999395348, "eta_min": 0.000310093259456348}}
{"number": 2, "value": 0.837015688419342, "params": {"n_layers": 10, "n_units_0": 2069, "n_units_1": 949, "n_units_2": 826, "n_units_3": 4051, "n_units_4": 603, "n_units_5": 2466, "n_units_6": 692, "n_units_7": 3474, "n_units_8": 1889, "n_units_9": 1311, "hidden_activation": "PReLU", "output_activation": "Linear", "loss": "MAE", "optimizer": "SGD", "lr": 0.015402580409758919, "batch_size": 64, "n_epochs": 125, "scheduler": "StepLR", "prelu_init": 0.19118067702732688, "dropout_rate": 0.1247559799719305, "weight_decay": 0.0017206817681637099, "momentum": 0.5679629565570804, "step_size": 15, "gamma": 0.31004702584889976}}
{"number": 0, "value": 0.8428349494934082, "params": {"n_layers": 3, "n_units_0": 962, "n_units_1": 1947, "n_units_2": 371, "hidden_activation": "Swish", "output_activation": "Linear", "loss": "MSE", "optimizer": "Adagrad", "lr": 5.755370737200425e-05, "batch_size": 32, "n_epochs": 140, "scheduler": "StepLR", "dropout_rate": 0.2979252770761148, "step_size": 6, "gamma": 0.49485405251585424}}
{"number": 0, "value": 0.9457176923751831, "params": {"n_layers": 8, "n_units_0": 1274, "n_units_1": 3225, "n_units_2": 2242, "n_units_3": 4074, "n_units_4": 2295, "n_units_5": 2154, "n_units_6": 2324, "n_units_7": 570, "hidden_activation": "ELU", "output_activation": "Linear", "loss": "Quantile", "optimizer": "SGD", "lr": 0.0016963634719144376, "batch_size": 2048, "n_epochs": 78, "scheduler": "StepLR", "dropout_rate": 0.00033955607027491563, "weight_decay": 0.007515140133635908, "momentum": 0.2426732547650463, "step_size": 6, "gamma": 0.49323874950888025}}
{"number": 1, "value": 0.18851038813591003, "params": {"n_layers": 2, "n_units_0": 4080, "n_units_1": 1128, "hidden_activation": "ReLU", "output_activation": "Linear", "loss": "MSE", "optimizer": "Adagrad", "lr": 0.017191134665370714, "batch_size": 1024, "n_epochs": 83, "scheduler": "CosineAnnealingLR", "dropout_rate": 0.04831363588696613, "t_max_fraction": 0.21839938809489695, "eta_min": 0.0005937696354397261}}
{"number": 2, "value": 0.8449838757514954, "params": {"n_layers": 3, "n_units_0": 808, "n_units_1": 2381, "n_units_2": 4065, "hidden_activation": "SoftPlus", "output_activation": "Linear", "loss": "Quantile", "optimizer": "RMSprop", "lr": 0.00010490534758391168, "batch_size": 256, "n_epochs": 133, "scheduler": "CosineAnnealingLR", "softplus_beta": 1.4305759310296287, "dropout_rate": 0.3707065076896053, "t_max_fraction": 0.14128612456201955, "eta_min": 2.4814892363169383e-06}}
{"number": 3, "value": 1.0495045185089111, "params": {"n_layers": 4, "n_units_0": 40, "n_units_1": 1727, "n_units_2": 1709, "n_units_3": 36, "hidden_activation": "SoftPlus", "output_activation": "Linear", "loss": "MSE", "optimizer": "SGD", "lr": 0.00196198903639621, "batch_size": 32, "n_epochs": 87, "scheduler": "StepLR", "softplus_beta": 1.2370391615325365, "dropout_rate": 0.18312414171727048, "weight_decay": 0.004719063500029193, "momentum": 0.8745672974448151, "step_size": 6, "gamma": 0.32064251940276267}}
{"number": 4, "value": 0.823866069316864, "params": {"n_layers": 6, "n_units_0": 1058, "n_units_1": 3494, "n_units_2": 2946, "n_units_3": 853, "n_units_4": 872, "n_units_5": 209, "hidden_activation": "ELU", "output_activation": "Linear", "loss": "Huber", "optimizer": "Adam", "lr": 0.00040358172674802257,