{"batch_size": 128, "dropout_rate": 0.19538044550294048, "gamma": 0.2109146982085367, "hidden_activation": "SoftPlus", "loss": "MSE", "lr": 5.845211790961594e-05, "n_epochs": 103, "n_layers": 6, "n_units_0": 1000, "n_units_1": 408, "n_units_2": 2295, "n_units_3": 1914, "n_units_4": 1051, "n_units_5": 3089, "optimizer": "RMSprop", "output_activation": "Linear", "scheduler": "StepLR", "softplus_beta": 1.314255061550831, "step_size": 10}