{"n_layers": 6, "n_units_0": 450, "n_units_1": 1844, "n_units_2": 2346, "n_units_3": 1937, "n_units_4": 1520, "n_units_5": 627, "hidden_activation": "SoftPlus", "output_activation": "Linear", "loss": "Huber", "optimizer": "Adam", "lr": 0.007688814473062311, "batch_size": 32, "n_epochs": 135, "scheduler": "CosineAnnealingLR", "softplus_beta": 1.4246220259450408, "dropout_rate": 0.1829474635273976, "weight_decay": 0.007497206420351494, "beta1": 0.975105888856831, "beta2": 0.9990096463749796, "t_max_fraction": 0.21768935027317138, "eta_min": 0.005903459102449175}