train_loss,test_loss,train_l1_norm,test_l1_norm,train_linf_norm,test_linf_norm
3.901208458322287,3.8454118400812147,3.819501825901866,3.9911770021796227,108.95709361592829,115.1387480228424
3.7647698207631706,3.5651907715439797,4.0310968609802424,4.316023018884659,117.70758813587129,128.596967965734
3.55277266754061,3.4874553868055345,4.3739638574808835,4.150359557375312,132.97105639041365,123.86007259200811
3.3341341406852005,3.266644791138172,3.9450582156576215,4.744681410086155,116.91057573248744,139.17858151292802
3.070121745403111,3.0599352494716645,3.6821959718525408,1.923781568020582,111.39951127624214,44.9678005154252
