train_loss,test_loss,train_l1_norm,test_l1_norm,train_linf_norm,test_linf_norm
545.0686982280731,459.4769637994766,1.4425956758067011,1.1712020010530948,11.668841485036909,9.011530519390107
502.3559485760689,482.4915133989334,1.6963157257437707,1.7473663615316153,14.973958604355156,18.569286202776432
509.86621863508225,450.1974821773529,2.264571704171598,1.709754647630453,25.85319215159416,22.471741831046344
