train_loss,test_loss,train_l1_norm,test_l1_norm,train_linf_norm,test_linf_norm
3.928699871882796,3.8514976066589357,3.995097927355021,3.695524356454611,118.93379705909193,104.30518189432621
3.818184501168132,3.7140665072202683,4.174827810598165,3.8248420089781283,124.40800571835041,110.41750745985507
3.6899645292282104,3.7135527223825453,4.323883734909445,3.447140242993832,131.2005599626869,98.28849546684027
3.653679960142076,3.59900238597393,4.307756382673234,3.7790167509377004,126.55863637458384,111.90742960797549
3.5891848728328943,3.7442530943751335,4.336979526558518,2.4413203950852154,128.3338440661967,62.61117192979455
