train_loss,test_loss,train_l1_norm,test_l1_norm,train_linf_norm,test_linf_norm
587.1329024896621,503.4605917816162,1.3091646328568458,0.8928888071179389,8.28238122176379,1.557662373006344
543.6591408977508,463.28651189804077,1.170815942555666,1.6628960301876068,9.890791319578886,11.690135333538056
495.12587151145937,469.6029190444946,1.0980589599013328,1.111884646266699,8.55021050389111,5.988756761193275
