train_loss,test_loss,train_l1_norm,test_l1_norm,train_linf_norm,test_linf_norm
0.13824206141056494,0.04509988106843084,1.8883225054886192,0.5555486167028546,79.00866108980142,18.2361869587332
0.06258801156618865,0.027812270747311414,1.2078651920777745,0.4903471759580076,49.71473324408196,15.662273785758018
0.048048069514869715,0.03896109997490421,1.0665391001943498,0.39287383385524155,43.38992486243565,11.485437557038665
