train_loss,test_loss,train_l1_norm,test_l1_norm,train_linf_norm,test_linf_norm
3.9257196824669838,3.7951623455643655,3.904960461165011,4.442267875498533,112.89996909285932,130.52939010112286
3.788378095036745,3.6823875678777696,4.286757898264378,4.449754592826962,129.38445505189003,131.76266279165745
3.6778407365694643,3.723916277086735,4.189141798058897,4.66427248749733,121.78168917243183,137.10262271540165
3.3944954963997005,3.143169838821888,3.939674999358505,4.4364888638079165,118.22461785285473,136.7445636514306
3.005251709280908,2.9036073410153387,3.349878753525764,4.525590359407663,97.27204742552638,140.6920514976263
