train_loss,test_loss,train_l1_norm,test_l1_norm,train_linf_norm,test_linf_norm
0.09875544302320341,0.041918343410827216,1.7821993369405624,18.266497772552817,77.15363346545809,887.8700045591683
0.04218874949607998,0.2661705078072846,0.3376106442565564,0.3726411136984825,11.23426117994152,7.6710400765687226
0.03185355063397146,0.08588032346628606,0.3851928100908641,0.1584447921127081,14.482241425245627,2.4177732986107467
