train_loss,test_loss,train_l1_norm,test_l1_norm,train_linf_norm,test_linf_norm
576.7073302782059,461.14532690734865,1.3840166498117148,1.3749890941053629,11.324811148133874,10.404220903420448
559.9679187761307,434.88050451164247,1.798407846801728,2.4078128962367775,15.526303845465183,23.944121430754663
561.7674336091042,428.1815943763733,2.752828078098595,3.995755299985409,28.318986487010122,42.63757642879486
499.5598871553421,394.23156269893644,3.1291648771733045,3.0427512791752815,34.34536066455245,32.83669689888954
490.6500745757103,386.97334767341613,2.9358505563691257,2.9012793645441532,33.32676928872466,33.74653249497413
