train_loss,test_loss,train_l1_norm,test_l1_norm,train_linf_norm,test_linf_norm
3.6959424703774735,3.0781611169306435,5.952901408551791,2.8339278457403183,212.11282277099596,85.54801084326267
2.82167271004214,2.1275693040863675,7.773973861279558,3.160092383717696,313.92324889601696,103.05123295339267
2.362724859867517,1.9674313156648477,7.238528631235291,2.46294321154356,293.80263744570215,78.08369714174748
2.155619503131404,1.8251851823290188,6.28921777521193,2.475661226648887,252.15782931368983,80.22861707275946
2.049694303679186,1.7136307695225874,6.9730407295182175,2.526590334420999,288.39515991496927,82.20063779707353
