train_loss,test_loss,train_l1_norm,test_l1_norm,train_linf_norm,test_linf_norm
2.3968515396118164,2.1694371700286865,2.190078020095825,0.3260451555252075,9.747714042663574,0.6174368262290955
4.337587833404541,3.975574254989624,13.41724681854248,0.8560304641723633,83.88256072998047,0.9510993957519531
