train_loss,test_loss,train_l1_norm,test_l1_norm,train_linf_norm,test_linf_norm
3.7939281270712613,3.883935168516636,4.019518776193261,4.745292211833596,117.81897144987732,139.76179330320358
3.7600892471402885,3.706218955349922,4.304070088080317,3.7829346057116986,128.40365701574535,109.75638873412609
3.6464993360325693,3.7010695327878,4.430056682687253,5.433075502744317,134.36405613813102,165.59111527047156
3.4917472046732905,3.2137566331624985,4.212597859843821,4.372071107685566,128.96260778898596,128.20346965386867
3.189603273200989,2.7133443864345552,4.0269095205813645,3.2770440017491578,127.48344750889241,94.13521341271401
